{"accuracy": 0.9953271028037384, "precision": 0.9818181818181818, "recall": 1.0, "f1": 0.9908256880733944, "confussion_matrics": [[54, 0], [1, 159]]}